timestamp,shared_by,post_url,post_author_slug,is_own_post
"3/13/26, 4:34:12 AM",Mary Cabungan,https://www.linkedin.com/posts/joe-m-c_im-running-ads-for-a-creator-with-10m-followers-activity-7438139294818459648-JzOA,joe-m-c,false
"3/13/26, 5:02:18 AM",Lance,https://www.linkedin.com/posts/paulmatthewsai_teacher-ai-literacy-is-often-confusing-share-7438146659974336512-FaXv,paulmatthewsai,false
"3/13/26, 5:16:47 AM",eloisepantastico,https://www.linkedin.com/posts/realnickbradley_pe-firms-are-getting-rich-off-your-business-share-7438150522857168896-gh-k,realnickbradley,false
"3/13/26, 5:34:52 AM",eloisepantastico,https://www.linkedin.com/posts/gabrielmama_crypto-promised-to-bank-the-unbanked-tether-activity-7438154855141040128-T5G1,gabrielmama,false
"3/13/26, 7:25:41 AM",Konstanty,https://www.linkedin.com/posts/sliwowskik_most-hiring-mistakes-do-not-come-from-bad-activity-7438180826070032384-WGjl,sliwowskik,false
"3/13/26, 7:50:58 AM",Bridgett Strickler,https://www.linkedin.com/posts/bridgett-strickler_tapes-are-making-a-comeback-regardless-activity-7438173265686335488-lXbO,bridgett-strickler,true
"3/13/26, 7:51:25 AM",Mohammed Kasujee,https://www.linkedin.com/posts/mohammed-kasujee_the-4-newsletter-metrics-that-matter-mohammed-activity-7438177314733051905-jq_v,mohammed-kasujee,true
"3/13/26, 8:14:59 AM",Jerry Valerio,https://www.linkedin.com/posts/jerryvalerio_the-day-salesforce-let-me-go-i-sat-in-my-activity-7438194152984662016-2V6D,jerryvalerio,true
"3/13/26, 8:16:13 AM",charles,https://www.linkedin.com/posts/kellyamcginnis_what-if-your-greatest-strength-is-becoming-share-7438184617335185408-4Pq7,kellyamcginnis,false
"3/13/26, 8:16:51 AM",Lance,https://www.linkedin.com/posts/karenstephen-ca_6-questions-to-ask-before-you-shift-activity-7438195915292590080-ao6g,karenstephen-ca,false
"3/13/26, 8:17:34 AM",Patrick Cattin,https://www.linkedin.com/posts/patrickcattin_when-was-the-last-time-your-inbox-was-empty-activity-7438157446180851712-H8y6,patrickcattin,true
"3/13/26, 8:17:56 AM",Rene Madden,https://www.linkedin.com/posts/renemadden_this-financial-services-firm-spent-600k-activity-7438195925933555713-4Fz9,renemadden,true
"3/13/26, 8:38:52 AM",Mary Cabungan,https://www.linkedin.com/posts/shreyavohora_this-sunday-as-we-celebrate-mothers-day-activity-7438201451077763072-Gqm0,shreyavohora,false
"3/13/26, 8:45:54 AM",Kristaps Kazaks,https://www.linkedin.com/posts/kristaps-kazaks_10-must-know-facts-about-your-breath-activity-7438195935953907712-lYfv,kristaps-kazaks,true
"3/13/26, 8:46:18 AM",Leslie,https://www.linkedin.com/feed/update/urn:li:activity:7438203349314809857,,false
"3/13/26, 8:55:24 AM",Gabriella Cacciatore,https://www.linkedin.com/posts/gabriella-cacciatore-b3912224_people-work-with-people-they-like-know-activity-7438205941357047808-Cz9O,gabriella-cacciatore-b3912224,true
"3/13/26, 9:02:43 AM",Hazel Jarque,https://www.linkedin.com/posts/shawnfreeman-_msp-clients-ranked-by-how-they-submit-support-activity-7438207288122949634-sIZN,shawnfreeman-,false
"3/13/26, 9:18:40 AM",Chris Murphy,https://www.linkedin.com/posts/chrismurphyhq_the-10-commandments-of-superforecasters-ugcPost-7438017991167946752-uiDo,chrismurphyhq,true
"3/13/26, 9:46:25 AM",Seshan Nissanka,https://www.linkedin.com/posts/seshannissanka_i-got-lazy-with-linkedin-i-grew-my-account-activity-7438218833884176384-PSTB,seshannissanka,true
"3/13/26, 10:03:22 AM",Rochelle,https://www.linkedin.com/posts/leonardrodman_your-ai-slop-bores-me-not-because-i-hate-activity-7438222524112437248-nJzV,leonardrodman,false
"3/13/26, 11:22:20 AM",Shayne,https://www.linkedin.com/posts/charomero_feeling-grumpy-bored-or-oddly-exhausted-activity-7438226122196070400-Egbh,charomero,false
"3/13/26, 11:25:46 AM",Tiffany Masson,https://www.linkedin.com/feed/update/urn:li:activity:7438192219959787520,,true
"3/13/26, 12:17:39 PM",Jerry Valerio,https://www.linkedin.com/posts/jerryvalerio_burnout-isnt-weakness-its-your-body-done-activity-7438255557595041793-qsYG,jerryvalerio,true
"3/13/26, 4:18:22 PM",Menno Siebinga,https://www.linkedin.com/posts/mennosiebinga_a-vacation-makes-you-happy-once-a-year-a-activity-7438317228040736769-0z2b,mennosiebinga,true
"3/13/26, 4:37:48 PM",‪+39 345 683 8136‬,https://www.linkedin.com/posts/anisacela_no-deal-is-better-than-a-bad-deal-the-activity-7438312960483155968-IQlR,anisacela,false
"3/14/26, 4:10:32 AM",‪+39 345 683 8136‬,https://www.linkedin.com/posts/anisacela_at-12-i-learned-negotiation-in-rooms-where-activity-7438494127866044417-jvPa,anisacela,false
"3/14/26, 4:31:21 AM",Mary Cabungan,https://www.linkedin.com/posts/joe-m-c_best-decision-i-made-in-business-this-year-activity-7438501679945285632-jX6Z,joe-m-c,false
"3/14/26, 7:34:19 AM",Konstanty,https://www.linkedin.com/posts/sliwowskik_the-leaders-resisting-ai-in-hiring-usually-activity-7438543205656330240-SdWr,sliwowskik,false
"3/14/26, 8:06:41 AM",Kristaps Kazaks,https://www.linkedin.com/posts/kristaps-kazaks_elite-athletes-train-their-nervous-system-activity-7438554534400090112-72zw,kristaps-kazaks,true
"3/14/26, 8:16:28 AM",Jerry Valerio,https://www.linkedin.com/posts/jerryvalerio_youve-sent-47-applications-this-month-heard-activity-7438556540833431552-W0XE,jerryvalerio,true
"3/14/26, 8:17:39 AM",Rene Madden,https://www.linkedin.com/posts/renemadden_the-fastest-way-to-lose-a-top-performer-activity-7438558303409909760-0gSK,renemadden,true
"3/14/26, 8:38:59 AM",Chris Murphy,https://www.linkedin.com/posts/chrismurphyhq_warren-buffett-age-95-just-retired-as-ceo-activity-7438557295833337856-srWc,chrismurphyhq,true
"3/14/26, 9:06:57 AM",Leslie,https://www.linkedin.com/feed/update/urn:li:activity:7438571012339798016,,false
"3/14/26, 10:04:48 AM",Rochelle,https://www.linkedin.com/posts/leonardrodman_the-scary-future-of-ai-is-not-that-it-becomes-activity-7438585548329394176-vga9,leonardrodman,false
"3/14/26, 11:20:28 AM",‪+65 8853 6265‬,https://www.linkedin.com/posts/geezulkifli_your-reputation-at-work-isnt-built-in-big-activity-7438577191271157760-oySc,geezulkifli,false
"3/14/26, 12:02:38 PM",Maha,https://www.linkedin.com/posts/mahaalaoui_some-leaders-shrink-when-they-face-resistance-activity-7438571626469838848-eay1,mahaalaoui,true
"3/14/26, 12:23:52 PM",Jerry Valerio,https://www.linkedin.com/posts/jerryvalerio_the-job-search-advice-youre-following-was-activity-7438617945448243200-nAii,jerryvalerio,true
"3/14/26, 1:42:51 PM",Menno Siebinga,https://www.linkedin.com/posts/mennosiebinga_the-real-ai-race-strong-brains-vs-declining-activity-7438629350717030400-lbVD,mennosiebinga,true
"3/15/26, 4:32:11 AM",Mary Cabungan,https://www.linkedin.com/posts/joe-m-c_if-you-are-not-where-you-want-to-be-in-life-activity-7438864087377309696-t2Qr,joe-m-c,false
"3/15/26, 7:49:21 AM",Kristaps Kazaks,https://www.linkedin.com/posts/kristaps-kazaks_this-week-ive-been-thinking-about-time-activity-7438914035321888768-SQB0,kristaps-kazaks,true
"3/15/26, 7:50:53 AM",Konstanty,https://www.linkedin.com/posts/sliwowskik_most-people-can-barely-hold-2-rhythms-at-activity-7438905592448188416-Iei3,sliwowskik,false
"3/15/26, 8:08:11 AM",Patrick Cattin,https://www.linkedin.com/posts/patrickcattin_i-learned-this-at-46-it-changed-my-life-activity-7438918687673331712-zeA8,patrickcattin,true
"3/15/26, 8:17:06 AM",Rene Madden,https://www.linkedin.com/posts/renemadden_i-managed-one-of-the-most-undervalued-teams-activity-7438920702461669377-_J1z,renemadden,true
"3/15/26, 8:56:14 AM",Gabriella Cacciatore,https://www.linkedin.com/posts/gabriella-cacciatore-b3912224_you-cant-lead-people-you-dont-care-about-share-7438930911418707969-T7bw,gabriella-cacciatore-b3912224,true
"3/15/26, 8:57:14 AM",‪+91 80763 52399‬,https://www.linkedin.com/posts/rupalyadav999_this-post-took-me-3-hours-to-write-youll-activity-7438930171510018048-qM_E,rupalyadav999,false
"3/15/26, 9:02:32 AM",Menno Siebinga,https://www.linkedin.com/posts/mennosiebinga_aging-might-be-the-most-successful-pickpocket-activity-7438932103146287104-g8vd,mennosiebinga,true
"3/15/26, 9:06:57 AM",Mary Cabungan,https://www.linkedin.com/posts/john-brewton-the-helper-strategy_perfection-is-procrastination-wearing-a-blazer-activity-7438921470484828160-Lxl7,john-brewton-the-helper-strategy,false
"3/15/26, 9:23:18 AM",Jerry Valerio,https://www.linkedin.com/posts/jerryvalerio_the-calendar-invite-had-no-agenda-fifteen-activity-7438934783495172096-MsOb,jerryvalerio,true
"3/15/26, 9:38:15 AM",Cory Blumenfeld,https://www.linkedin.com/posts/coryblumenfeld_age-is-just-a-mindset-activity-7438939372575641600-Sxno,coryblumenfeld,true
"3/15/26, 10:20:54 AM",Rochelle,https://www.linkedin.com/posts/leonardrodman_ai-is-not-going-to-save-your-relationship-activity-7438951864802418688-IDKx,leonardrodman,false
"3/15/26, 2:29:46 PM",Jerry Valerio,https://www.linkedin.com/posts/jerryvalerio_jack-had-fifteen-plus-years-in-enterprise-activity-7438995181225381889-RN9t,jerryvalerio,true
"3/15/26, 6:25:19 PM",Jerry Valerio,https://www.linkedin.com/posts/jerryvalerio_sunday-night-again-youre-not-lazy-youre-activity-7439055579224018945-a-1z,jerryvalerio,true
"3/16/26, 2:29:58 AM",Abigail Enriquez,https://www.linkedin.com/posts/stevenpettigrewinvestor_let-me-explain-these-numbers-is-the-most-activity-7439169833331625984-Pjqp,stevenpettigrewinvestor,false
"3/16/26, 4:31:32 AM",Mary Cabungan,https://www.linkedin.com/posts/joe-m-c_want-to-charge-3-5x-more-for-your-offer-activity-7439226469035196416-wxbD,joe-m-c,false
"3/16/26, 5:02:32 AM",Lance,https://www.linkedin.com/posts/paulmatthewsai_celebrate-with-me-friends-we-finished-share-7439234167479074816-QrpM,paulmatthewsai,false
"3/16/26, 5:05:24 AM",eloisepantastico,https://www.linkedin.com/posts/realnickbradley_you-can-engineer-ebitda-you-can-defer-revenue-share-7439234655356260353-OVmk,realnickbradley,false
"3/16/26, 7:28:12 AM",Konstanty,https://www.linkedin.com/posts/sliwowskik_hiring-fast-feels-efficient-until-you-have-activity-7439268002501632000-AzOr,sliwowskik,false
"3/16/26, 8:01:04 AM",Lance,https://www.linkedin.com/posts/karenstephen-ca_the-3-numbers-you-must-know-before-setting-activity-7439279104308240384-LmiV,karenstephen-ca,false
"3/16/26, 8:02:11 AM",Jerry Valerio,https://www.linkedin.com/posts/jerryvalerio_nobody-prepares-you-for-this-part-you-spend-activity-7439279370772332545-9-Da,jerryvalerio,true
"3/16/26, 8:05:46 AM",Kristaps Kazaks,https://www.linkedin.com/posts/kristaps-kazaks_just-be-yourself-is-useless-advice-it-activity-7439275539955077120-9-lN,kristaps-kazaks,true
"3/16/26, 8:17:33 AM",Rene Madden,https://www.linkedin.com/posts/renemadden_your-team-isnt-ignoring-procedures-you-activity-7439283109872762880-vJqg,renemadden,true
"3/16/26, 8:17:46 AM",charles,https://www.linkedin.com/posts/kellyamcginnis_you-might-not-like-this-but-the-skills-that-share-7439267215968747520-_NJo,kellyamcginnis,false
"3/16/26, 8:32:10 AM",Leslie,https://www.linkedin.com/feed/update/urn:li:activity:7439286892237516800,,false
"3/16/26, 8:39:04 AM",Mary Cabungan,https://www.linkedin.com/posts/shreyavohora_you-arent-allergic-to-mornings-you-activity-7439288614661894144-L6rx,shreyavohora,false
"3/16/26, 8:52:06 AM",Chris Murphy,https://www.linkedin.com/posts/chrismurphyhq_value-investors-are-lazy-all-they-do-share-7437690500641415168-9W_q,chrismurphyhq,true
"3/16/26, 8:55:43 AM",Menno Siebinga,https://www.linkedin.com/posts/mennosiebinga_a-woman-in-her-70s-told-me-she-retired-from-activity-7439293114080526337-LU20,mennosiebinga,true
"3/16/26, 8:59:03 AM",Lance,https://www.linkedin.com/posts/louisshulman_hot-take-your-book-a-call-cta-is-scaring-activity-7439293989918322688-pVmu,louisshulman,false
"3/16/26, 9:03:46 AM",Mohammed Kasujee,https://www.linkedin.com/posts/mohammed-kasujee_5-ways-to-improve-your-newsletter-welcome-activity-7439264213719498753-18Te,mohammed-kasujee,true
"3/16/26, 9:04:22 AM",Hazel Jarque,https://www.linkedin.com/posts/shawnfreeman-_im-writing-this-from-mexico-city-this-activity-7439295115484950528-Ma3X,shawnfreeman-,false
"3/16/26, 9:29:08 AM",Gabriella Cacciatore,https://www.linkedin.com/posts/gabriella-cacciatore-b3912224_before-somatic-healing-your-career-goals-activity-7439301450687582208-h2nX,gabriella-cacciatore-b3912224,true
"3/16/26, 9:36:37 AM",Cory Blumenfeld,https://www.linkedin.com/posts/coryblumenfeld_experience-is-overrated-ugcPost-7439302825899274240-Tphp,coryblumenfeld,true
"3/16/26, 10:02:05 AM",Rochelle,https://www.linkedin.com/posts/leonardrodman_ad-activity-7439309578649088000-8qPW,leonardrodman,false
"3/16/26, 10:42:57 AM",Shayne,https://www.linkedin.com/posts/charomero_every-skill-you-have-today-once-felt-uncomfortable-activity-7439313288846319619-m1z-,charomero,false
"3/16/26, 11:08:32 AM",Tiffany Masson,https://www.linkedin.com/posts/tiffanymasson_more-information-than-ever-fewer-questions-activity-7439279406017245185-4lo7,tiffanymasson,true
"3/16/26, 12:32:27 PM",Jerry Valerio,https://www.linkedin.com/posts/jerryvalerio_heres-what-nobody-in-your-network-is-saying-activity-7439342721414246401-AuwW,jerryvalerio,true
"3/17/26, 2:20:41 AM",Abigail Enriquez,https://www.linkedin.com/posts/stevenpettigrewinvestor_one-off-revenue-is-worth-less-than-recurring-activity-7439532217225293824-YexY,stevenpettigrewinvestor,false
"3/17/26, 4:32:57 AM",Mary Cabungan,https://www.linkedin.com/posts/joe-m-c_despite-being-the-the-funnel-guy-around-activity-7439588988589527040-FEJK,joe-m-c,false
"3/17/26, 5:08:48 AM",eloisepantastico,https://www.linkedin.com/posts/realnickbradley_david-didnt-lose-15m-in-a-negotiation-share-7439597162239365120-VjSq,realnickbradley,false
"3/17/26, 5:14:21 AM",Lance,https://www.linkedin.com/posts/paulmatthewsai_research-shows-3-ways-to-use-ai-one-of-activity-7439597092425314304-YOd8,paulmatthewsai,false
"3/17/26, 6:35:03 AM",Mary Cabungan,https://www.linkedin.com/posts/lucyalligan_the-exception-ledger-activity-7439619835644252161-WeKH,lucyalligan,false
"3/17/26, 7:23:00 AM",Konstanty,https://www.linkedin.com/posts/sliwowskik_the-biggest-risk-in-business-today-isnt-activity-7439630377008148480-RKxN,sliwowskik,false
"3/17/26, 7:55:47 AM",Menno Siebinga,https://www.linkedin.com/posts/mennosiebinga_most-people-think-your-best-work-happens-share-7439579519981654016-uVK0,mennosiebinga,true
"3/17/26, 7:56:32 AM",‪+63 961 752 0502‬,https://www.linkedin.com/posts/michaeltatham_leadership-teamperformance-systemsthinking-activity-7439634222266535937-1oue,michaeltatham,false
"3/17/26, 8:02:54 AM",Jerry Valerio,https://www.linkedin.com/posts/jerryvalerio_three-layoffs-zero-regrets-winter-doesnt-activity-7439629359918882816-q1J1,jerryvalerio,true
"3/17/26, 8:16:27 AM",charles,https://www.linkedin.com/posts/kellyamcginnis_you-can-be-exceptional-in-your-role-and-still-share-7439628769277046785-nbW_,kellyamcginnis,false
"3/17/26, 8:16:53 AM",Rene Madden,https://www.linkedin.com/posts/renemadden_180k-to-replace-one-analyst-leadership-activity-7439645490473811968-dHbu,renemadden,true
"3/17/26, 8:19:28 AM",Bridgett Strickler,https://www.linkedin.com/posts/bridgett-strickler_education-comebacks-dont-start-with-more-activity-7439634191098494976-UfY_,bridgett-strickler,true
"3/17/26, 8:31:38 AM",Kristaps Kazaks,https://www.linkedin.com/posts/kristaps-kazaks_pep-guardiola-needs-a-perfect-game-tonight-activity-7439649254958215168-rLuZ,kristaps-kazaks,true
"3/17/26, 8:34:00 AM",‪+39 345 683 8136‬,https://www.linkedin.com/posts/anisacela_7-negotiation-behaviours-buyers-respect-and-activity-7439650023505555456--K3v,anisacela,false
"3/17/26, 8:35:30 AM",Mohammed Kasujee,https://www.linkedin.com/posts/mohammed-kasujee_we-started-a-business-to-buy-back-our-time-activity-7439626684179476480-NiDL,mohammed-kasujee,true
"3/17/26, 8:38:30 AM",Mary Cabungan,https://www.linkedin.com/posts/shreyavohora_did-you-know-saint-patrick-was-originally-activity-7439651002867191808-nwBP,shreyavohora,false
"3/17/26, 9:05:55 AM",Hazel Jarque,https://www.linkedin.com/posts/shawnfreeman-_i-built-four-ai-playbooks-for-msps-one-share-7439656967985545216-FyYr,shawnfreeman-,false
"3/17/26, 9:09:36 AM",Leslie,https://www.linkedin.com/feed/update/urn:li:activity:7439658360041390080,,false
"3/17/26, 9:35:51 AM",‪+63 945 332 4021‬,https://www.linkedin.com/posts/nick-black-7658ab37_leadership-teambuilding-startuplife-activity-7439665439112237056-PN0W,nick-black-7658ab37,false
"3/17/26, 9:37:18 AM",Cory Blumenfeld,https://www.linkedin.com/posts/coryblumenfeld_nobody-teaches-you-this-in-school-10-terms-activity-7439664445838069760-zllp,coryblumenfeld,true
"3/17/26, 10:02:35 AM",Seshan Nissanka,https://www.linkedin.com/posts/seshannissanka_80-of-cpa-firm-owners-will-never-take-their-activity-7439671956112658432-tEfs,seshannissanka,true
"3/17/26, 10:03:00 AM",Rochelle,https://www.linkedin.com/posts/leonardrodman_prompting-was-never-the-bottleneck-the-activity-7439672168847740928-RVIP,leonardrodman,false
"3/18/26, 2:50:52 AM",Abigail Enriquez,https://www.linkedin.com/posts/stevenpettigrewinvestor_buyers-dont-pay-for-where-youve-been-they-activity-7439894608869765120-lMkm,stevenpettigrewinvestor,false
"3/18/26, 4:31:08 AM",nini,https://www.linkedin.com/posts/alan-brian-dardic_unpopular-opinion-your-in-house-payment-activity-7439950706725519360-TqJj,alan-brian-dardic,false
"3/18/26, 4:31:36 AM",Mary Cabungan,https://www.linkedin.com/posts/joe-m-c_i-always-thought-i-couldnt-make-because-activity-7439951329269215232-Ns8w,joe-m-c,false
"3/18/26, 5:04:02 AM",eloisepantastico,https://www.linkedin.com/posts/realnickbradley_serving-six-customer-segments-feels-like-share-7439959434736369665-5qAC,realnickbradley,false
"3/18/26, 6:40:34 AM",Mary Cabungan,https://www.linkedin.com/posts/lucyalligan_if-leadership-is-making-revenue-decisions-activity-7439983463539097600-Rogs,lucyalligan,false
"3/18/26, 7:16:34 AM",Konstanty,https://www.linkedin.com/posts/sliwowskik_most-leaders-arent-stuck-because-they-dont-activity-7439992764177465344-4Sa3,sliwowskik,false
"3/18/26, 7:35:07 AM",eloisepantastico,https://www.linkedin.com/posts/michaeltatham_capacity-vs-capability-activity-7439996563080237056-Y9dk,michaeltatham,false
"3/18/26, 8:04:11 AM",nini,https://www.linkedin.com/posts/emilyparcell_i-had-a-staff-t-shirt-that-said-late-to-activity-7440004194029367296-djGp,emilyparcell,false
"3/18/26, 8:06:23 AM",Mohammed Kasujee,https://www.linkedin.com/posts/mohammed-kasujee_creating-content-is-easy-converting-that-activity-7439988993330569216-7FYU,mohammed-kasujee,true
"3/18/26, 8:06:24 AM",Menno Siebinga,https://www.linkedin.com/posts/mennosiebinga_at-what-point-does-your-life-stop-feeling-share-7439981221700354049-pBva,mennosiebinga,true
"3/18/26, 8:16:58 AM",charles,https://www.linkedin.com/posts/kellyamcginnis_yesterday-my-son-asked-me-to-race-him-to-ugcPost-7439992003070717952-0Owy,kellyamcginnis,false
"3/18/26, 8:17:08 AM",Rene Madden,https://www.linkedin.com/posts/renemadden_this-500k-project-died-because-leaders-activity-7440007874086612993-x2nZ,renemadden,true
"3/18/26, 8:34:06 AM",Leslie,https://www.linkedin.com/feed/update/urn:li:activity:7440011804061270016,,false
"3/18/26, 8:36:25 AM",Jerry Valerio,https://www.linkedin.com/posts/jerryvalerio_i-rejected-people-who-were-more-qualified-activity-7440006092304273408-Lhw6,jerryvalerio,true
"3/18/26, 8:37:30 AM",Kristaps Kazaks,https://www.linkedin.com/posts/kristaps-kazaks_what-harvard-business-school-wont-teach-activity-7440012258103033856-6omN,kristaps-kazaks,true
"3/18/26, 8:38:34 AM",Mary Cabungan,https://www.linkedin.com/posts/shreyavohora_heres-a-sad-truth-if-your-office-or-home-activity-7440013390414016512-_kPI,shreyavohora,false
"3/18/26, 8:59:57 AM",Tiffany Masson,https://www.linkedin.com/feed/update/urn:li:activity:7440004135225253888,,true
"3/18/26, 9:07:04 AM",Hazel Jarque,https://www.linkedin.com/posts/shawnfreeman-_most-msp-owners-think-freedom-is-what-happens-activity-7440020727749124096-_4q-,shawnfreeman-,false
"3/18/26, 9:09:32 AM",Gabriella Cacciatore,https://www.linkedin.com/posts/gabriella-cacciatore-b3912224_youre-lying-in-bed-its-late-youre-supposed-activity-7440021418886594560-10Po,gabriella-cacciatore-b3912224,true
"3/18/26, 9:10:29 AM",Chris Murphy,https://www.linkedin.com/posts/chrismurphyhq_free-value-investing-201-course-31-lessons-share-7437264448316141570-tMIa,chrismurphyhq,true
"3/18/26, 9:42:52 AM",Cory Blumenfeld,https://www.linkedin.com/posts/coryblumenfeld_i-struggled-to-create-content-most-of-my-ugcPost-7440028936236908545-eiuD,coryblumenfeld,true
"3/18/26, 9:50:37 AM",Maha,https://www.linkedin.com/posts/mahaalaoui_you-do-not-need-months-to-understand-how-activity-7440019253694558208-tVvF,mahaalaoui,true
"3/18/26, 10:01:41 AM",Lance,https://www.linkedin.com/posts/benpadnos_how-to-keep-investor-conversations-moving-ugcPost-7440034196301053952--IBZ,benpadnos,false
"3/18/26, 10:02:00 AM",Rochelle,https://www.linkedin.com/posts/leonardrodman_your-ai-agents-are-not-a-strategy-they-activity-7440034298063339520-zMxw,leonardrodman,false
"3/18/26, 10:03:10 AM",Seshan Nissanka,https://www.linkedin.com/posts/seshannissanka_my-revenueos-framework-for-cpa-cfo-firms-activity-7440034304719683584-9rDL,seshannissanka,true
"3/18/26, 12:16:56 PM",Jerry Valerio,https://www.linkedin.com/posts/jerryvalerio_the-professionals-losing-in-this-job-market-activity-7440067492762411009-P6hZ,jerryvalerio,true
"3/18/26, 6:34:56 PM",‪+1 (561) 298‑4925‬,https://www.linkedin.com/posts/coryblumenfeld_i-struggled-to-create-content-most-of-my-activity-7440028938816573440-xAtF,coryblumenfeld,true
"3/19/26, 2:48:46 AM",Abigail Enriquez,https://www.linkedin.com/posts/frank-ienzi_throwback-to-2019-one-of-those-moments-that-activity-7440051297988448256-IfLG,frank-ienzi,false
"3/19/26, 4:15:28 AM",nini,https://www.linkedin.com/posts/alan-brian-dardic_i-have-helped-merchants-recover-10m-in-activity-7440309256098041857-tH-O,alan-brian-dardic,false
"3/19/26, 4:31:17 AM",Mary Cabungan,https://www.linkedin.com/posts/joe-m-c_february-was-the-worst-month-ever-in-my-activity-7440313668531060736-c7lH,joe-m-c,false
"3/19/26, 5:03:46 AM",Lance,https://www.linkedin.com/posts/paulmatthewsai_big-news-out-of-the-matthews-household-we-activity-7440321106424758272-Y0ye,paulmatthewsai,false
"3/19/26, 5:07:14 AM",eloisepantastico,https://www.linkedin.com/posts/realnickbradley_someone-in-your-market-just-bought-your-competitor-activity-7440321984825098240-bRcL,realnickbradley,false
"3/19/26, 6:30:22 AM",Patrick Cattin,https://www.linkedin.com/posts/patrickcattin_i-spent-too-many-years-saying-this-ill-activity-7440337616308310016-OTj2,patrickcattin,true
"3/19/26, 7:25:03 AM",Konstanty,https://www.linkedin.com/posts/sliwowskik_most-hiring-problems-are-not-candidate-problems-activity-7440355145990762496-MVL3,sliwowskik,false
"3/19/26, 7:34:18 AM",Mary Cabungan,https://www.linkedin.com/posts/lucyalligan_the-pipeline-review-isnt-a-numbers-review-activity-7440359407902711808-9teF,lucyalligan,false
"3/19/26, 7:52:57 AM",Paula,https://www.linkedin.com/posts/paula-beattie-7a89795_run-a-pdsa-workshop-activity-7440358985410637824-63wu,paula-beattie-7a89795,true
"3/19/26, 7:57:37 AM",Abigail Enriquez,https://www.linkedin.com/posts/stevenpettigrewinvestor_business-valuations-are-like-arseholes-share-7440291380410761217-PEda,stevenpettigrewinvestor,false
"3/19/26, 8:03:04 AM",Bridgett Strickler,https://www.linkedin.com/posts/bridgett-strickler_narrative-frameworks-for-adult-learner-stories-ugcPost-7439377273037754371-Xf47,bridgett-strickler,true
"3/19/26, 8:18:18 AM",Rene Madden,https://www.linkedin.com/posts/renemadden_69-of-high-performers-get-targeted-no-one-activity-7440370274702700544-UuQA,renemadden,true
"3/19/26, 8:19:12 AM",charles,https://www.linkedin.com/posts/kellyamcginnis_everyone-is-claiming-burnout-and-looking-share-7440356581973667840-xoXi,kellyamcginnis,false
"3/19/26, 8:38:33 AM",Kristaps Kazaks,https://www.linkedin.com/posts/kristaps-kazaks_most-high-performers-are-carrying-2-identities-activity-7440374088067469312-ieSl,kristaps-kazaks,true
"3/19/26, 8:39:29 AM",Mary Cabungan,https://www.linkedin.com/posts/shreyavohora_yes-your-bedding-matters-but-whats-activity-7440375778262814720-GZfq,shreyavohora,false
"3/19/26, 8:40:41 AM",Leslie,https://www.linkedin.com/feed/update/urn:li:activity:7440375663359881217,,false
"3/19/26, 8:42:40 AM",Tiffany Masson,https://www.linkedin.com/feed/update/urn:li:activity:7440366475091075072,,true
"3/19/26, 8:51:27 AM",May Alfonso,https://www.linkedin.com/posts/rayjbjang_we-made-this-with-liquid-death-in-mind-using-share-7440370260874113024-KWEV,rayjbjang,false
"3/19/26, 8:54:44 AM",Mohammed Kasujee,https://www.linkedin.com/posts/mohammed-kasujee_i-did-fewer-calls-i-got-better-results-activity-7440351485940559873-TJ6_,mohammed-kasujee,true
"3/19/26, 8:55:55 AM",Jerry Valerio,https://www.linkedin.com/posts/jerryvalerio_yesterday-i-found-out-three-colleagues-had-activity-7440368480220016660-uwze,jerryvalerio,true
"3/19/26, 9:04:08 AM",Lance,https://www.linkedin.com/posts/louisshulman_traffic-is-up-conversions-are-flat-your-activity-7440381988513009664-rx-z,louisshulman,false
"3/19/26, 9:04:17 AM",Hazel Jarque,https://www.linkedin.com/posts/shawnfreeman-_i-met-a-linkedin-connection-in-real-life-activity-7440382337487548416-CNXd,shawnfreeman-,false
"3/19/26, 9:05:34 AM",Seshan Nissanka,https://www.linkedin.com/posts/seshannissanka_every-cpa-firm-owner-i-talk-to-thinks-marketing-share-7439437788913049601-58N5,seshannissanka,true
"3/19/26, 9:34:59 AM",‪+1 (561) 298‑4925‬,https://www.linkedin.com/posts/coryblumenfeld_anvilsponsor-share-7440389171937992704-1_oi,coryblumenfeld,true
"3/19/26, 9:56:39 AM",‪+44 7973 367026‬,https://www.linkedin.com/posts/mitapatel1_85-of-ai-initiatives-fail-not-because-the-share-7440340737508102145-O70n,mitapatel1,true
"3/19/26, 10:07:48 AM",Rochelle,https://www.linkedin.com/posts/leonardrodman_most-ai-ad-tools-are-a-magic-trick-great-activity-7440398262144094208-zqpE,leonardrodman,false
"3/19/26, 12:45:13 PM",Jerry Valerio,https://www.linkedin.com/posts/jerryvalerio_two-clients-two-very-different-careers-activity-7440429884847403008-VZFa,jerryvalerio,true
"3/19/26, 5:47:58 PM",Menno Siebinga,https://www.linkedin.com/posts/mennosiebinga_if-your-body-feels-off-youre-probably-fixing-activity-7440513563703590912-mCmf,mennosiebinga,true
"3/19/26, 10:58:26 PM",Seshan Nissanka,https://www.linkedin.com/posts/seshannissanka_i-used-to-get-%F0%9D%9F%AD%F0%9D%9F%AC%F0%9D%9F%AC%F0%9D%97%B8-%F0%9D%9F%B1%F0%9D%9F%AC%F0%9D%9F%AC%F0%9D%97%B8-%F0%9D%97%B6%F0%9D%97%BA%F0%9D%97%BD%F0%9D%97%BF-activity-7440592061537595393-kOsx,seshannissanka,true
"3/20/26, 4:32:13 AM",Mary Cabungan,https://www.linkedin.com/posts/joe-m-c_client-budget-for-their-new-fancy-logo-10000-activity-7440676060599488512-cj0R,joe-m-c,false
"3/20/26, 5:02:55 AM",Lance,https://www.linkedin.com/posts/paulmatthewsai_after-45-days-of-writing-my-white-paper-share-7440683824570798080-7kAu,paulmatthewsai,false
"3/20/26, 5:06:15 AM",eloisepantastico,https://www.linkedin.com/posts/realnickbradley_the-difference-between-a-5x-exit-and-a-10x-share-7440684414315024384-yNRg,realnickbradley,false
"3/20/26, 7:33:03 AM",eloisepantastico,https://www.linkedin.com/posts/michaeltatham_the-3-question-system-audit-that-reveals-activity-7440721380066787329-jgAf,michaeltatham,false
"3/20/26, 7:36:04 AM",Abigail Enriquez,https://www.linkedin.com/posts/stevenpettigrewinvestor_thinking-of-starting-a-business-ugcPost-7440687682323681280-JBq8,stevenpettigrewinvestor,false
"3/20/26, 7:45:52 AM",Konstanty,https://www.linkedin.com/posts/sliwowskik_everyone-is-worried-about-ai-changing-work-activity-7440717527132971008-uCCR,sliwowskik,false
"3/20/26, 7:59:07 AM",Bridgett Strickler,https://www.linkedin.com/posts/bridgett-strickler_first-he-led-marines-now-he-leads-veterans-activity-7440717553045495809-v34l,bridgett-strickler,true
"3/20/26, 8:04:58 AM",Paula,https://www.linkedin.com/posts/paula-beattie-7a89795_youre-not-learning-a-lesson-youre-afraid-activity-7440729696880738304-ExT1,paula-beattie-7a89795,true
"3/20/26, 8:05:05 AM",nini,https://www.linkedin.com/posts/emilyparcell_i-spent-16-years-running-political-campaigns-activity-7440728856879054849-kQ9a,emilyparcell,false
"3/20/26, 8:16:59 AM",Rene Madden,https://www.linkedin.com/posts/renemadden_the-scary-part-wasnt-leaving-it-was-staying-activity-7440732647800238081-AXCR,renemadden,true
"3/20/26, 8:24:21 AM",Jovan,https://www.linkedin.com/posts/sandygrigsby_being-married-to-ken-rutkowski-is-one-of-activity-7440733132976234496-1Qnr,sandygrigsby,false
"3/20/26, 8:24:54 AM",charles,https://www.linkedin.com/posts/kellyamcginnis_theres-a-truth-many-women-learn-quickly-share-7440716235954077696-DsIS,kellyamcginnis,false
"3/20/26, 8:26:42 AM",Seshan Nissanka,https://www.linkedin.com/posts/seshannissanka_%F0%9D%9F%AD%F0%9D%9F%AC-%F0%9D%97%B9%F0%9D%97%B2%F0%9D%98%80%F0%9D%98%80%F0%9D%97%BC%F0%9D%97%BB%F0%9D%98%80-%F0%9D%97%9C%F0%9D%97%B1-%F0%9D%98%81%F0%9D%97%B2%F0%9D%97%B9%F0%9D%97%B9-%F0%9D%97%BA%F0%9D%98%86-%F0%9D%9F%B3-share-7440735467513286656-9wFm,seshannissanka,true
"3/20/26, 8:34:26 AM",Paula,https://www.linkedin.com/posts/paula-beattie-7a89795_youre-not-learning-a-lesson-youre-afraid-activity-7440737394544365568-ZkdW,paula-beattie-7a89795,true
"3/20/26, 8:37:20 AM",Kristaps Kazaks,https://www.linkedin.com/posts/kristaps-kazaks_were-not-inconsistent-with-our-goals-we-activity-7440737421681442819-crgi,kristaps-kazaks,true
"3/20/26, 8:38:05 AM",Mary Cabungan,https://www.linkedin.com/posts/shreyavohora_on-this-international-day-of-happiness-the-activity-7440738166468366336-a3_Q,shreyavohora,false
"3/20/26, 8:40:32 AM",Leslie,https://www.linkedin.com/feed/update/urn:li:activity:7440738628428820480,,false
"3/20/26, 8:41:29 AM",Tiffany Masson,https://www.linkedin.com/feed/update/urn:li:activity:7440728972214071299,,true
"3/20/26, 8:41:45 AM",Mohammed Kasujee,https://www.linkedin.com/posts/mohammed-kasujee_a-coach-reached-out-last-week-her-funnel-share-7440294598561689601-s7UX,mohammed-kasujee,true
"3/20/26, 8:42:03 AM",May Alfonso,https://www.linkedin.com/posts/rayjbjang_tiktok-ads-routing-to-shopify-convert-at-share-7440738963453009920-1spf,rayjbjang,false
"3/20/26, 8:49:06 AM",Gabriella Cacciatore,https://www.linkedin.com/posts/gabriella-cacciatore-b3912224_today-is-going-to-be-a-bad-day-your-brain-activity-7440741017072480257-mXBY,gabriella-cacciatore-b3912224,true
"3/20/26, 8:59:17 AM",Jerry Valerio,https://www.linkedin.com/posts/jerryvalerio_i-lost-a-role-i-was-overqualified-for-by-activity-7440730868064632832--oLC,jerryvalerio,true
"3/20/26, 9:02:34 AM",Hazel Jarque,https://www.linkedin.com/posts/shawnfreeman-_three-things-that-have-to-be-true-before-activity-7440744255242993665-dI1U,shawnfreeman-,false
"3/20/26, 9:35:44 AM",Cory Blumenfeld,https://www.linkedin.com/posts/coryblumenfeld_want-to-get-more-customers-and-scale-your-ugcPost-7440751516191412225-Hqms,coryblumenfeld,true
"3/20/26, 10:03:22 AM",Rochelle,https://www.linkedin.com/posts/leonardrodman_afroman-just-beat-the-cops-let-that-sink-activity-7440759357723582464-3P7a,leonardrodman,false
"3/20/26, 12:57:09 PM",Jerry Valerio,https://www.linkedin.com/posts/jerryvalerio_most-job-search-strategies-look-solid-on-activity-7440792272692011008-XWs0,jerryvalerio,true
"3/21/26, 4:33:12 AM",Mary Cabungan,https://www.linkedin.com/posts/joe-m-c_want-a-focus-hack-that-actually-works-activity-7441038465892446208-b_GJ,joe-m-c,false
"3/21/26, 5:31:36 AM",Paula,https://www.linkedin.com/posts/paula-beattie-7a89795_the-leaders-who-think-being-perfect-is-everything-activity-7441053291695751169-abEG,paula-beattie-7a89795,true
"3/21/26, 7:44:12 AM",Konstanty,https://www.linkedin.com/posts/sliwowskik_everyone-sees-the-manager-who-became-a-leader-activity-7441079931419353088-MQev,sliwowskik,false
"3/21/26, 7:53:23 AM",Kristaps Kazaks,https://www.linkedin.com/posts/kristaps-kazaks_two-penalties-one-match-the-same-reset-activity-7441087477270016000-PLG2,kristaps-kazaks,true
"3/21/26, 8:17:43 AM",Rene Madden,https://www.linkedin.com/posts/renemadden_this-one-phrase-quietly-blocks-promotions-activity-7441095024819236864-F3E0,renemadden,true
"3/21/26, 8:47:20 AM",Leslie,https://www.linkedin.com/feed/update/urn:li:activity:7441102014236831744,,false
"3/21/26, 8:52:03 AM",Tiffany Masson,https://www.linkedin.com/feed/update/urn:li:activity:7441091257768153089,,true
"3/21/26, 8:56:32 AM",Gabriella Cacciatore,https://www.linkedin.com/posts/gabriella-cacciatore-b3912224_the-most-underrated-career-skill-isnt-strategy-share-7441105266680598528-B2VM,gabriella-cacciatore-b3912224,true
"3/21/26, 9:33:51 AM",Cory Blumenfeld,https://www.linkedin.com/posts/coryblumenfeld_stop-thinking-of-context-switching-as-just-ugcPost-7441113712536621057-1L9e,coryblumenfeld,true
"3/21/26, 10:02:14 AM",Rochelle,https://www.linkedin.com/posts/leonardrodman_nvidia-may-have-just-revealed-the-future-activity-7441121466605252608-AOMZ,leonardrodman,false
"3/21/26, 12:17:08 PM",Jerry Valerio,https://www.linkedin.com/posts/jerryvalerio_nobody-says-youre-too-old-they-say-activity-7441154805777133568-7pqK,jerryvalerio,true
"3/21/26, 12:45:45 PM",Menno Siebinga,https://www.linkedin.com/posts/mennosiebinga_you-dont-have-to-smoke-to-shorten-your-life-activity-7441162799646486528-ZPLZ,mennosiebinga,true
"3/21/26, 8:15:27 PM",Jerry Valerio,https://www.linkedin.com/posts/jerryvalerio_three-companies-let-me-go-all-three-times-activity-7441214806881292288--5wf,jerryvalerio,true
"3/22/26, 4:31:52 AM",Mary Cabungan,https://www.linkedin.com/posts/joe-m-c_3-weeks-ago-i-listened-to-an-8-minute-podcast-activity-7441400806903304192-W-ix,joe-m-c,false
"3/22/26, 7:20:52 AM",Konstanty,https://www.linkedin.com/posts/sliwowskik_not-choosing-is-still-a-choice-it-just-activity-7441442307758886912-GnsW,sliwowskik,false
"3/22/26, 8:17:12 AM",Rene Madden,https://www.linkedin.com/posts/renemadden_leaders-who-are-too-busy-to-connect-with-activity-7441457405781127168-sXy3,renemadden,true
"3/22/26, 8:42:40 AM",Paula,https://www.linkedin.com/posts/paula-beattie-7a89795_i-used-to-think-that-change-required-permission-share-7441420386019397632-9gqX,paula-beattie-7a89795,true
"3/22/26, 8:57:58 AM",Gabriella Cacciatore,https://www.linkedin.com/posts/gabriella-cacciatore-b3912224_your-brain-is-exhausted-not-from-working-share-7441467929155645440-bOu3,gabriella-cacciatore-b3912224,true
"3/22/26, 9:22:23 AM",Tiffany Masson,https://www.linkedin.com/feed/update/urn:li:activity:7441453671827046400,,false
"3/22/26, 9:31:49 AM",Cory Blumenfeld,https://www.linkedin.com/posts/coryblumenfeld_using-the-same-design-style-over-and-over-activity-7441476024292261888-n0gL,coryblumenfeld,true
"3/22/26, 10:02:30 AM",Rochelle,https://www.linkedin.com/posts/leonardrodman_the-eu-moving-to-ban-nudify-apps-matters-activity-7441483824179429377-CYqY,leonardrodman,false
"3/22/26, 10:18:56 AM",Menno Siebinga,https://www.linkedin.com/posts/mennosiebinga_youre-not-stuck-because-you-havent-found-activity-7441488322826432512-f1ux,mennosiebinga,true
"3/23/26, 2:22:21 AM",Jovan,https://www.linkedin.com/posts/dradeelkhan-md_most-high-performers-dont-suddenly-crash-activity-7441729448191635457-y3zy,dradeelkhan-md,false
"3/23/26, 4:31:33 AM",Mary Cabungan,https://www.linkedin.com/posts/joe-m-c_last-week-on-a-coaching-call-i-helped-a-activity-7441763190507487234-Y1hl,joe-m-c,false
"3/23/26, 5:03:27 AM",Lance,https://www.linkedin.com/posts/paulmatthewsai_heres-the-worst-use-of-ai-in-schools-i-activity-7441771067968294912-Tz5V,paulmatthewsai,false
"3/23/26, 5:07:42 AM",eloisepantastico,https://www.linkedin.com/posts/realnickbradley_saying-no-scored-this-founder-22m-he-was-share-7441771566025265153-p57R,realnickbradley,false
"3/23/26, 6:09:10 AM",Alan Nee,https://www.linkedin.com/posts/alannee_on-st-patricks-day-a-helicopter-legend-activity-7441592214209601536-Tarj,alannee,true
"3/23/26, 7:29:49 AM",Konstanty,https://www.linkedin.com/posts/sliwowskik_spotted-the-real-unicorn-yet-thats-what-activity-7441804692742987776-WFu6,sliwowskik,false
"3/23/26, 7:49:01 AM",eloisepantastico,https://www.linkedin.com/posts/michaeltatham_leadership-talentretention-ceo-activity-7441808519437340672-8ZkP,michaeltatham,false
"3/23/26, 8:01:58 AM",Kristaps Kazaks,https://www.linkedin.com/posts/kristaps-kazaks_no-1-productivity-leak-in-corporate-is-acting-activity-7441816056144400384-3FRz,kristaps-kazaks,true
"3/23/26, 8:05:36 AM",Jerry Valerio,https://www.linkedin.com/posts/jerryvalerio_in-2023-i-got-laid-off-i-didnt-update-activity-7441816045079777280-JZqf,jerryvalerio,true
"3/23/26, 8:10:36 AM",nini,https://www.linkedin.com/posts/emilyparcell_for-years-my-default-answer-was-the-same-activity-7441816099400208385-Pi4A,emilyparcell,false
"3/23/26, 8:11:39 AM",Tiffany Masson,https://www.linkedin.com/feed/update/urn:li:activity:7441816141066309633,,false
"3/23/26, 8:17:39 AM",charles,https://www.linkedin.com/posts/kellyamcginnis_got-an-idea-well-the-fastest-way-to-kill-share-7441801456107696129-DSHB,kellyamcginnis,false
"3/23/26, 8:17:48 AM",Rene Madden,https://www.linkedin.com/posts/renemadden_youve-designed-your-team-to-need-you-for-activity-7441819793655037952-oqs0,renemadden,true
"3/23/26, 8:18:33 AM",Patrick Cattin,https://www.linkedin.com/posts/patrickcattin_performance-is-not-driven-by-time-it-is-activity-7441790377726136320-4nhQ,patrickcattin,true
"3/23/26, 8:33:10 AM",Leslie,https://www.linkedin.com/feed/update/urn:li:activity:7441823588740943873,,false
"3/23/26, 8:33:37 AM",May Alfonso,https://www.linkedin.com/posts/rayjbjang_the-best-copywriters-dont-always-invent-share-7441823894493310976-A7_H,rayjbjang,false
"3/23/26, 8:38:39 AM",Mary Cabungan,https://www.linkedin.com/posts/shreyavohora_not-all-water-is-created-equal-you-activity-7441825329775558656-rp5T,shreyavohora,false
"3/23/26, 8:53:32 AM",Abigail Enriquez,https://www.linkedin.com/posts/frank-ienzi_excited-to-be-attending-this-event-cheers-share-7440833641947021312-HsAA,frank-ienzi,false
"3/23/26, 8:59:58 AM",Menno Siebinga,https://www.linkedin.com/posts/mennosiebinga_pain-isnt-the-problem-your-response-is-activity-7441830728092307457-WP1E,mennosiebinga,true
"3/23/26, 9:02:03 AM",Lance,https://www.linkedin.com/posts/louisshulman_you-wrote-a-pitch-email-not-sure-if-itll-activity-7441830996293013504-gRLD,louisshulman,false
"3/23/26, 9:06:13 AM",Hazel Jarque,https://www.linkedin.com/posts/shawnfreeman-_last-week-i-coached-founders-on-building-activity-7441832497832865792-6lY9,shawnfreeman-,false
"3/23/26, 9:08:54 AM",Maha,https://www.linkedin.com/posts/mahaalaoui_they-called-it-hesitation-it-was-competence-activity-7441831124705906688-ubId,mahaalaoui,true
"3/23/26, 9:12:09 AM",Jovan,https://www.linkedin.com/posts/sandygrigsby_they-say-the-last-two-are-impossible-for-activity-7441820548244029440-CB6V,sandygrigsby,false
"3/23/26, 9:13:06 AM",Seshan Nissanka,https://www.linkedin.com/posts/seshannissanka_do-you-remember-when-you-realized-the-problem-share-7440583350773489664-tObt,seshannissanka,true
"3/23/26, 9:34:44 AM",Cory Blumenfeld,https://www.linkedin.com/feed/update/urn:li:activity:7441838706363125760,,true
"3/23/26, 9:49:36 AM",Gabriella Cacciatore,https://www.linkedin.com/posts/gabriella-cacciatore-b3912224_your-team-isnt-resisting-change-their-share-7441831350296416256-WdZV,gabriella-cacciatore-b3912224,true
"3/23/26, 10:04:34 AM",Rochelle,https://www.linkedin.com/posts/leonardrodman_ad-activity-7441846793094455296-ef9I,leonardrodman,false
"3/23/26, 10:20:47 AM",Shayne,https://www.linkedin.com/posts/charomero_speed-is-subjective-but-we-forget-that-activity-7441850005738602496-mDte,charomero,false
"3/23/26, 12:53:29 PM",Jerry Valerio,https://www.linkedin.com/posts/jerryvalerio_i-have-passed-on-candidates-i-should-have-activity-7441888533109297152-Chok,jerryvalerio,true
"3/23/26, 5:17:14 PM",Jerry Valerio,https://www.linkedin.com/posts/jerryvalerio_the-most-expensive-problem-in-your-career-activity-7441953345642086400-xovY,jerryvalerio,true
"3/24/26, 3:45:39 AM",Mary Cabungan,https://www.linkedin.com/posts/shreyavohora_you-dont-just-rise-to-your-intentions-you-activity-7442004763237339137-X9N9,shreyavohora,false
"3/24/26, 4:33:10 AM",Mary Cabungan,https://www.linkedin.com/posts/joe-m-c_i-only-recently-realised-we-were-a-couple-share-7442125583079223298-D7an,joe-m-c,false
"3/24/26, 5:01:57 AM",Lance,https://www.linkedin.com/posts/paulmatthewsai_ai-was-supposed-to-save-us-time-its-actually-activity-7442133072810192896-heze,paulmatthewsai,false
"3/24/26, 5:04:28 AM",eloisepantastico,https://www.linkedin.com/posts/realnickbradley_your-fear-of-debt-is-costing-you-more-than-share-7442133960912056320-nE-H,realnickbradley,false
"3/24/26, 6:32:04 AM",Mary Cabungan,https://www.linkedin.com/posts/lucyalligan_ai-cannot-outperform-data-nobody-trusts-activity-7442155757376155649-FfxX,lucyalligan,false
"3/24/26, 7:51:19 AM",Kristaps Kazaks,https://www.linkedin.com/posts/kristaps-kazaks_the-most-exhausting-job-is-trying-to-feel-activity-7442174641361534976-M29h,kristaps-kazaks,true
"3/24/26, 7:54:19 AM",Konstanty,https://www.linkedin.com/posts/sliwowskik_5-interview-frameworks-2-activity-7442167123092848643-TIzQ,sliwowskik,false
"3/24/26, 8:04:14 AM",nini,https://www.linkedin.com/posts/emilyparcell_i-said-yes-to-protect-my-reputation-it-activity-7442178552499716098-36oq,emilyparcell,false
"3/24/26, 8:09:51 AM",Jerry Valerio,https://www.linkedin.com/posts/jerryvalerio_third-layoff-salesforce-2025-i-didnt-activity-7442180419544010752-zX0a,jerryvalerio,true
"3/24/26, 8:17:22 AM",Rene Madden,https://www.linkedin.com/posts/renemadden_your-team-wastes-a-third-of-their-time-activity-7442182205138935808-zen3,renemadden,true
"3/24/26, 8:17:33 AM",charles,https://www.linkedin.com/posts/kellyamcginnis_ever-wonder-why-some-teams-feel-harmonious-share-7442169769514061824-yUmI,kellyamcginnis,false
"3/24/26, 8:26:45 AM",Menno Siebinga,https://www.linkedin.com/posts/mennosiebinga_this-is-it-its-too-late-theres-nothing-activity-7442184262331580418-7xYb,mennosiebinga,true
"3/24/26, 8:32:33 AM",Tiffany Masson,https://www.linkedin.com/feed/update/urn:li:activity:7442178471461605376,,false
"3/24/26, 8:37:43 AM",Leslie,https://www.linkedin.com/feed/update/urn:li:activity:7442187333505966080,,false
"3/24/26, 8:42:02 AM",May Alfonso,https://www.linkedin.com/posts/rayjbjang_appreciate-everyone-who-came-through-ugcPost-7442187807541927938-Ewue,rayjbjang,false
"3/24/26, 8:55:08 AM",Patrick Cattin,https://www.linkedin.com/posts/patrickcattin_71-of-meetings-are-unproductive-managers-activity-7442148361014677506-pFlK,patrickcattin,true
"3/24/26, 8:55:27 AM",Gabriella Cacciatore,https://www.linkedin.com/posts/gabriella-cacciatore-b3912224_if-youre-overwhelmed-at-work-stop-trying-activity-7442191970665463808-0OfK,gabriella-cacciatore-b3912224,true
"3/24/26, 9:00:22 AM",Seshan Nissanka,https://www.linkedin.com/posts/seshannissanka_revenue-growth-feels-different-after-the-share-7442054841344110592-2E4M,seshannissanka,true
"3/24/26, 9:04:09 AM",Hazel Jarque,https://www.linkedin.com/posts/shawnfreeman-_most-msp-owners-are-going-to-get-a-lowball-share-7442193754054184961-rLpW,shawnfreeman-,false
"3/24/26, 9:36:30 AM",Cory Blumenfeld,https://www.linkedin.com/feed/update/urn:li:activity:7442201065485271041,,true
"3/24/26, 10:24:36 AM",Shayne,https://www.linkedin.com/posts/charomero_when-you-love-something-you-dont-just-show-activity-7442212383118229504-ZNzM,charomero,false
"3/24/26, 5:51:14 PM",Jerry Valerio,https://www.linkedin.com/posts/jerryvalerio_nick-wasnt-unemployed-he-was-showing-up-share-7442325948668067842-3OKX,jerryvalerio,true
"3/25/26, 2:03:19 AM",Abigail Enriquez,https://www.linkedin.com/posts/stevenpettigrewinvestor_ugcPost-7442130319341903873-rkgs,stevenpettigrewinvestor,false
"3/25/26, 2:03:49 AM",Abigail Enriquez,https://www.linkedin.com/posts/stevenpettigrewinvestor_imagine-just-having-warm-opportunities-in-ugcPost-7442130900504584192-8NO3,stevenpettigrewinvestor,false
"3/25/26, 4:09:39 AM",nini,https://www.linkedin.com/posts/alan-brian-dardic_three-online-casinos-had-backup-providers-share-7442481668516470784-9LYS,alan-brian-dardic,false
"3/25/26, 4:31:42 AM",Mary Cabungan,https://www.linkedin.com/posts/joe-m-c_3-weeks-ago-we-ran-an-experiment-on-our-activity-7442488020307599360-S1QV,joe-m-c,false
"3/25/26, 5:04:06 AM",eloisepantastico,https://www.linkedin.com/posts/realnickbradley_earn-outs-are-not-creative-deal-making-share-7442496088030347264-Gcuz,realnickbradley,false
"3/25/26, 6:31:55 AM",Mary Cabungan,https://www.linkedin.com/posts/lucyalligan_brand-doesnt-become-commercially-important-activity-7442518181082054657-5bRh,lucyalligan,false
"3/25/26, 7:52:56 AM",Konstanty,https://www.linkedin.com/posts/sliwowskik_most-interviewers-lose-the-candidate-before-activity-7442529465882107904-R2FZ,sliwowskik,false
"3/25/26, 8:00:58 AM",Seshan Nissanka,https://www.linkedin.com/posts/seshannissanka_most-linkedin-posts-these-days-i-replaced-share-7441969981497524224-_Hvl,seshannissanka,true
"3/25/26, 8:04:25 AM",Kristaps Kazaks,https://www.linkedin.com/posts/kristaps-kazaks_what-harvard-business-school-wont-teach-activity-7442540848912932864-Q50O,kristaps-kazaks,true
"3/25/26, 8:08:03 AM",Menno Siebinga,https://www.linkedin.com/posts/mennosiebinga_people-dont-age-as-early-as-they-think-share-7442542177907331073-9XFX,mennosiebinga,true
"3/25/26, 8:12:40 AM",nini,https://www.linkedin.com/posts/emilyparcell_most-high-performers-dont-have-a-discipline-share-7440066120348254209-Wd8E,emilyparcell,false
"3/25/26, 8:16:50 AM",Rene Madden,https://www.linkedin.com/posts/renemadden_youre-silencing-your-top-performers-you-activity-7442544583411974144-x8dA,renemadden,true
"3/25/26, 8:29:21 AM",Bridgett Strickler,https://www.linkedin.com/posts/bridgett-strickler_education-is-becoming-a-life-and-death-divide-activity-7442529470823165953-DjZL,bridgett-strickler,true
"3/25/26, 8:33:08 AM",May Alfonso,https://www.linkedin.com/posts/rayjbjang_raya-just-got-smarter-a-few-weeks-ago-activity-7442548047861116929-NXNm,rayjbjang,false
"3/25/26, 8:38:33 AM",Mary Cabungan,https://www.linkedin.com/posts/shreyavohora_i-see-this-mistake-all-the-time-in-home-renovations-activity-7442550105599041536-7hY2,shreyavohora,false
"3/25/26, 8:51:29 AM",Gabriella Cacciatore,https://www.linkedin.com/posts/gabriella-cacciatore-b3912224_she-knew-it-wasnt-the-right-time-her-gut-activity-7442553556957577216-we14,gabriella-cacciatore-b3912224,true
"3/25/26, 8:54:26 AM",Jerry Valerio,https://www.linkedin.com/posts/jerryvalerio_she-finished-a-customer-call-once-and-i-activity-7442554158831915008-wQ9h,jerryvalerio,true
"3/25/26, 9:06:05 AM",Hazel Jarque,https://www.linkedin.com/posts/shawnfreeman-_ive-been-a-leader-for-a-long-time-and-the-share-7442557172309471232-f1xY,shawnfreeman-,false
"3/25/26, 9:34:59 AM",Cory Blumenfeld,https://www.linkedin.com/feed/update/urn:li:activity:7442563479229812737,,true
"3/25/26, 9:51:59 AM",Yauhan,https://www.linkedin.com/posts/yauhanmehta_most-job-searches-dont-fail-because-of-lack-activity-7442556388784041984-pr1p,yauhanmehta,true
"3/25/26, 10:03:32 AM",Rochelle,https://www.linkedin.com/posts/leonardrodman_the-ai-industry-has-a-very-dark-habit-it-activity-7442571404157464576-QLYE,leonardrodman,false
"3/25/26, 10:09:18 AM",Leslie,https://www.linkedin.com/feed/update/urn:li:activity:7442572606702014464,,false
"3/25/26, 10:22:22 AM",Lance,https://www.linkedin.com/posts/terry-zelen_how-we-reduce-ai-hallucinations-ugcPost-7442576025579872256-5WQh,terry-zelen,false
"3/25/26, 10:24:20 AM",Tiffany Masson,https://www.linkedin.com/feed/update/urn:li:activity:7442540944215789568,,false
"3/25/26, 1:15:42 PM",Jerry Valerio,https://www.linkedin.com/posts/jerryvalerio_the-third-layoff-didnt-hurt-the-way-the-activity-7442619059956944896-m-2M,jerryvalerio,true
"3/25/26, 2:24:31 PM",charles,https://www.linkedin.com/posts/kellyamcginnis_stop-waiting-to-get-back-to-yourself-after-share-7442533092986277888-0Ei5,kellyamcginnis,false
"3/25/26, 5:22:48 PM",Jerry Valerio,https://www.linkedin.com/posts/jerryvalerio_my-client-had-an-offer-on-the-table-good-activity-7442677947905310720-Q2fr,jerryvalerio,true
"3/25/26, 6:20:17 PM",Seshan Nissanka,https://www.linkedin.com/posts/seshannissanka_what-winning-in-2026-and-2030-actually-share-7442696014819667968-H47r,seshannissanka,true
"3/26/26, 2:36:47 AM",Abigail Enriquez,https://www.linkedin.com/posts/stevenpettigrewinvestor_shared-with-permission-one-of-my-11-clients-share-7442629107491700737-yGDG,stevenpettigrewinvestor,false
"3/26/26, 4:31:18 AM",Mary Cabungan,https://www.linkedin.com/posts/joe-m-c_yesterday-i-went-from-nothing-published-share-7442829769072775168-43Bb,joe-m-c,false
"3/26/26, 5:03:44 AM",eloisepantastico,https://www.linkedin.com/posts/realnickbradley_bespoke-is-killing-your-margins-every-client-share-7442858577930706944-Ksby,realnickbradley,false
"3/26/26, 5:04:34 AM",Lance,https://www.linkedin.com/posts/paulmatthewsai_ai-education-whitepaper-activity-7442858326952120320-l_F9,paulmatthewsai,false
"3/26/26, 6:41:10 AM",Mary Cabungan,https://www.linkedin.com/posts/lucyalligan_the-wrong-direction-faster-activity-7442882622520705024-Au1y,lucyalligan,false
"3/26/26, 7:22:28 AM",Bridgett Strickler,https://www.linkedin.com/posts/bridgett-strickler_that-transcript-isnt-just-a-paper-activity-7442891865789652992-51md,bridgett-strickler,true
"3/26/26, 7:29:38 AM",Konstanty,https://www.linkedin.com/posts/sliwowskik_everyone-agrees-hiring-is-broken-almost-activity-7442891874312560641-PqHl,sliwowskik,false
"3/26/26, 7:43:41 AM",eloisepantastico,https://www.linkedin.com/posts/michaeltatham_leadership-automation-ai-ugcPost-7440970926189371392-IVfF,michaeltatham,false
"3/26/26, 7:56:40 AM",Mohammed Kasujee,https://www.linkedin.com/posts/mohammed-kasujee_this-is-why-founders-stay-exhausted-even-activity-7442888200387264512-8SnS,mohammed-kasujee,true
"3/26/26, 8:04:19 AM",Kristaps Kazaks,https://www.linkedin.com/posts/kristaps-kazaks_your-identity-is-your-strategy-for-life-activity-7442903993590263808-niVl,kristaps-kazaks,true
"3/26/26, 8:04:28 AM",Engagement Team Gex,https://www.linkedin.com/feed/update/urn:li:activity:7442903298136772609,,false
"3/26/26, 8:06:38 AM",Seshan Nissanka,https://www.linkedin.com/posts/seshannissanka_cpa-firms-dont-need-more-clients-to-grow-share-7441963803879038977-yPj5,seshannissanka,true
"3/26/26, 8:06:57 AM",nini,https://www.linkedin.com/posts/emilyparcell_were-a-family-here-the-most-dangerous-share-7440071256248451073-wmrh,emilyparcell,false
"3/26/26, 8:14:20 AM",Engagement Team Gex,https://www.linkedin.com/feed/update/urn:li:activity:7442905950245707777,,false
"3/26/26, 8:14:49 AM",charles,https://www.linkedin.com/posts/kellyamcginnis_no-one-tells-you-that-each-promotion-you-share-7442891118402318336-qFYk,kellyamcginnis,false
"3/26/26, 8:16:57 AM",Rene Madden,https://www.linkedin.com/posts/renemadden_leaders-think-silence-protects-their-teams-activity-7442906966051606528-ZsPM,renemadden,true
"3/26/26, 8:39:52 AM",Mary Cabungan,https://www.linkedin.com/posts/shreyavohora_no-matter-where-youre-from-theres-one-activity-7442912493322088448-d9Nt,shreyavohora,false
"3/26/26, 8:52:34 AM",May Alfonso,https://www.linkedin.com/posts/rayjbjang_your-underperforming-ads-arent-broken-theyre-activity-7442913444678348801-mfY9,rayjbjang,false
"3/26/26, 8:55:56 AM",Gabriella Cacciatore,https://www.linkedin.com/posts/gabriella-cacciatore-b3912224_your-team-is-scattered-your-clients-dont-share-7442916969001050112-dfhd,gabriella-cacciatore-b3912224,true
"3/26/26, 9:00:13 AM",Jerry Valerio,https://www.linkedin.com/posts/jerryvalerio_after-my-third-layoff-i-had-a-thought-ive-activity-7442905195266736128-jqVH,jerryvalerio,true
"3/26/26, 9:03:04 AM",Lance,https://www.linkedin.com/posts/louisshulman_automation-should-make-you-look-competent-share-7442918592800526338-Kz-u,louisshulman,false
"3/26/26, 9:05:37 AM",Hazel Jarque,https://www.linkedin.com/posts/shawnfreeman-_dear-msp-owners-msp-contracts-dont-make-share-7442918823844040704-8_tJ,shawnfreeman-,false
"3/26/26, 9:19:20 AM",charles,https://www.linkedin.com/posts/kellyamcginnis_sallee-poinsette-nash-i-really-appreciate-share-7442921795558629377-bjMh,kellyamcginnis,false
"3/26/26, 9:27:05 AM",Jovan,https://www.linkedin.com/posts/sandygrigsby_i-was-shocked-by-this-these-are-the-share-7442911368510574592-c9yw,sandygrigsby,false
"3/26/26, 9:32:46 AM",Cory Blumenfeld,https://www.linkedin.com/feed/update/urn:li:activity:7442925850716504064,,true
"3/26/26, 9:49:24 AM",Leslie,https://www.linkedin.com/feed/update/urn:li:activity:7442930264986673152,,false
"3/26/26, 10:02:55 AM",Rochelle,https://www.linkedin.com/posts/leonardrodman_meta-and-youtube-just-got-nailed-for-harming-activity-7442933678952910848-jaJf,leonardrodman,false
"3/26/26, 10:21:28 AM",Shayne,https://www.linkedin.com/posts/charomero_no-one-talks-about-the-in-between-the-share-7442916503903092736-bq4I,charomero,false
"3/26/26, 12:35:21 PM",Jerry Valerio,https://www.linkedin.com/posts/jerryvalerio_i-was-scrolling-on-a-tuesday-and-there-activity-7442966599902384128-Eg0I,jerryvalerio,true
"3/26/26, 4:36:24 PM",Menno Siebinga,https://www.linkedin.com/posts/mennosiebinga_most-people-refuse-to-accept-the-signal-share-7443028893051031552-l7gj,mennosiebinga,true
"3/26/26, 4:36:50 PM",Jerry Valerio,https://www.linkedin.com/posts/jerryvalerio_i-googled-myself-last-week-not-for-vanity-activity-7443032926163861504-U5FC,jerryvalerio,true
"3/26/26, 5:11:26 PM",Seshan Nissanka,https://www.linkedin.com/posts/seshannissanka_note-to-selfand-founders-ai-cant-replace-share-7443037041526865921-c6DH,seshannissanka,true
