author_slug,author_name,comment_count,earliest_comment,latest_comment,in_registry,registry_role,sample_comments
chrislangsocial,Chris Lang,148,2026-01-19T08:42:57.830Z,2026-03-27T16:57:45.157Z,True,member,Bias drives behaviour ||| This matches what I’ve observed when launches stall despite strong products ||| Chris Lang Nice transparency. It’s impressive that ROAS and MER are holding up even with lower spend. The ops upgrades should make the next growth phase much easier.
victortrieu,Victor Trieu,148,2026-02-26T12:16:34.190Z,2026-03-27T11:52:08.840Z,False,,"The line about your body not asking for a holiday but for you to stop proving yourself really lands. That awareness alone can shift a life.  ||| It takes courage to admit the pattern, even more to break it. Choosing your mental health is real strength.  ||| So many people mistake burnout for lack of resilience. Sometimes it is just a sign you have been abandoning yourself. "
shanebarker,Shane Barker,131,2026-03-17T19:39:30.854Z,2026-03-27T22:24:39.285Z,True,client,"The “quick scroll” part is harder than it sounds. These platforms are designed to pull you in, not let you leave informed and calm. Setting boundaries around consumption is starting to feel less like  ||| “Protect your energy like it’s revenue” is a good way to frame it. Most people track time, but very few track energy - even though that’s what actually determines the quality of the time ||| Most of that information doesn’t change what you’re doing today"
charlie-hills,Charlie Hills 🦩,129,2026-02-25T14:54:09.150Z,2026-03-27T19:19:54.114Z,True,operator,"Sometimes it really is that easy ||| Nice example of using agents to shrink the firehose into a single clean workflow, next step is wiring these summaries into decision workflows so AI news actually drives actions not just awareness ||| Good point  pricing should align with the impact delivered, not just buzzwords. Quality guidance that builds real engagement and opportunities is worth the investment."
coryblumenfeld,Cory Blumenfeld,95,2026-02-26T18:19:57.571Z,2026-03-27T23:24:54.459Z,True,operator,"The best sales come from listening, understanding, and helping, not pitching. Serve first, results follow. Cory Blumenfeld ||| Strong perspective. The biggest shift for us was moving from “selling datasets” to understanding why someone needs investor access in the first place.   Once you focus on the fundraising outcome inste ||| Absolutely, Cory! When you focus on their problem, not your pitch, sales just feel easier and more real."
sanjivberi,Sanjiv Beri,89,2026-02-18T14:13:23.984Z,2026-03-27T17:14:09.041Z,True,member,"Success often gets credited to strategy, yet social research shows sustained support networks are a stronger predictor of long-term achievement. Sanjiv Beri ||| Agreed, the right circle often accelerates leadership growth quietly.  ||| Totally get that, sustainable growth usually reflects people who contribute insight, challenge thinking, and stay present when execution gets demanding. "
pete-herbst-4395a172,Pete Herbst,66,2026-02-04T09:19:47.631Z,2026-03-26T10:32:05.596Z,False,,Pete Herbst It’s so true that every team plays a role in cyber risk. Awareness across all levels is essential for real resilience. ||| Pete Herbst Translating cyber risk into business terms really helps boards make informed decisions. Communication is key. ||| Pete Herbst Translating cyber risk into financial terms makes it much easier for boards to make informed decisions.
jerryvalerio,Jerry V.,57,2026-03-18T12:57:57.043Z,2026-03-27T21:32:02.802Z,True,member,"The best candidates don’t tell you everything they’ve done. They tell you exactly what matters for this role. That’s where most people go wrong. They overload instead of distill ||| Clarity isn’t about saying more - it’s about leaving no room for doubt ||| Hiring isn’t a talent search, it’s a risk reduction exercise."
charomero,Charisse Romero,53,2026-02-13T15:22:50.883Z,2026-03-26T22:45:00.890Z,True,client,Teams tend to scale faster when knowledge is shared deliberately.  ||| Developing leaders internally often strengthens succession and operational resilience.  ||| Progress often compounds quietly before it becomes commercially visible. Patience usually supports stronger decision making. 
shawnfreeman-,Shawn Freeman,50,2026-02-17T14:58:22.804Z,2026-03-25T15:37:34.550Z,True,member,Founder isolation often shows up in decision fatigue before anything else. Peer perspective usually steadies judgement.  ||| Leadership forums can act as an informal advisory layer for growing businesses. External insight often improves strategic range.  ||| Leadership leverage often begins when ownership moves closer to execution. Capacity tends to expand quickly. 
dianbasit,Dian Basit,47,2026-01-14T16:29:14.357Z,2026-03-26T12:43:26.717Z,False,,Agreed! ||| 🔥 ||| Strategy isn’t enough if processes break. Clear ownership and defined outputs prevent silent failures. Dian
dradeelkhan-md,"Dr. Adeel Khan, MD",39,2026-01-12T10:00:26.900Z,2026-03-23T15:02:03.648Z,True,client,"Dr. Adeel Khan, MD Impressive approach and dedication. It’s great to see high standards applied to every patient, not just celebrities. ||| Dr. Adeel Khan, MD This is a strong, evidence-based take. The focus on muscle, sleep and measurable inputs is exactly what’s missing from most conversations. ||| So those are 3  of regen meds pillars Dr. Adeel Khan, MD? if you dont mind us asking.. thank you!"
maryam-jan-akbari,Maryam Jan Akbari,37,2026-02-27T11:25:41.997Z,2026-03-27T14:54:59.328Z,True,member," Waiting can feel tough, but it’s such a powerful time for growth and self-discovery.  ||| An important leadership insight. Authority can be given through a title, but credibility and trust are earned through consistent actions. ||| A powerful reminder for founders and professionals alike. The ability to treat rejection as information rather than identity is what separates those who persist long enough to succeed."
emilyparcell,Emily Parcell,34,2026-02-26T13:38:26.142Z,2026-03-24T08:35:14.696Z,True,client,"There is a strong leadership lesson here. When pressure spikes, people watch how you manage yourself. If leaders abandon recovery, their teams copy it. Clear non-negotiables create stability in unstab ||| The weeks that feel out of control are when non-negotiables matter most. Protecting sleep, movement, and small routines keeps performance from collapsing under chaos. ||| Delegating outcomes instead of tasks changes everything. Ownership scales. Supervision doesn’t. "
gabrielmama,Gabriel Mamou-Mani,32,2026-02-20T13:03:21.438Z,2026-03-27T10:44:17.760Z,True,member,"Strong tech means nothing without real adoption.  In crypto, it’s easy to prioritize protocol over people. The projects that last flip that mindset  they design for users first, build sustainable mode ||| The real upgrade isn’t the app. It’s moving onchain and owning your stack.  Less dependency. More transparency. Real control.  If you don’t own your keys, you’re still renting your crypto. ||| Strong framing.  Speculation might grab attention, but the deeper layer has always been about ownership and control. The real question isn’t price, it’s who sets the rules."
brandallwillis,B Randall Willis,31,2026-02-16T12:24:01.537Z,2026-03-27T10:55:48.143Z,False,,"I've felt that responsibility B Randall. When everyone else goes home I'm still sweating. ||| Well said B Randall! ||| Confidence is huge, B Randall, right?"
jorgecalzada,Jorge Calzada Zubiría 🌐,27,2026-02-26T14:10:26.366Z,2026-03-26T13:33:41.191Z,True,member,"Excelente insight de alguien que ha estado sentado del otro lado del escritorio durante muchos años.  ||| La vieja matriz de Eisenhower, siempre tan efectiva y siempre tan útil, el saber aplicarla podrá ser el uso más efectivo de su tiempo.  ||| Es clave reconocer que cada estilo conlleva riesgos y oportunidades. Encontrar autenticidad en la manera de liderar marca una diferencia real. Mujeres que van abriendo paso!"
renemadden,"Rene Madden, ACC",27,2026-03-02T15:01:48.931Z,2026-03-27T12:24:38.033Z,True,member,"True leadership isn't about surviving back to back meetings as a badge of honor; it is having the discipline to ruthlessly curate your schedule so your team has the space to actually execute. ||| We often mistake an accepted counter-offer for a saved relationship, when it is really just an expensive way to rent an employee for a few more months once the trust is already broken. True leadership ||| Honestly, withholding feedback often feels like protection, but it quietly communicates limitation.   High performers don’t leave because of high standards; they leave when growth conversations disapp"
bridgett-strickler,Bridgett Strickler,18,2026-02-09T13:56:26.942Z,2026-03-27T16:48:18.593Z,True,member,"Thank you for sharing -- Rehema's story is so powerful, and we're so grateful for Benedicte Axboe and the work of TalentRiseGVL in these incredible individuals! ||| Absolutely, adult learner stories are powerful. Data shows the trends, but stories show the why. Excited to see the impact this work will have! ||| The story of Alysa Liu is a strong reminder that stepping away is not the same as giving up. Sometimes distance restores perspective and ownership."
alliestories8,Allie Nava,17,2026-02-21T19:10:50.931Z,2026-03-26T20:59:07.051Z,True,member,"This is a pattern we see across high performers, especially in technical roles. One piece of criticism can outweigh a long track record of results if identity and output are too tightly linked. ||| This is the difference between busy and effective practice. A good number of people “practice” on autopilot—comfortable and safe, but real growth comes from deliberate, uncomfortable and feedback-driv ||| This is exactly what we see when developing high performing teams. Progress accelerates when practice is tied to clear feedback and specific gaps, not just repetition of what already feels comfortable"
ashleymunday0,Ashley Munday,14,2026-03-03T13:33:09.706Z,2026-03-26T13:31:47.146Z,True,member,"It’s amazing how much more you can learn about people when you finally stop trying to have all the answers. You’ll build much deeper trust when you just sit back and give others the space to say what’ ||| When you speak first, you’re basically telling your team to stop thinking for themselves and just agree with you. You get much better results when you keep quiet long enough to let the best ideas come ||| Ashley Munday Valuable approach to fostering deeper insights and collaboration within teams. Listening can transform the dynamics of discussions."
karen-stone-performancehabits,Karen Stone,13,2026-02-27T10:13:47.843Z,2026-03-24T17:30:38.967Z,True,member,"This is exactly the pattern we have in mind when we created the Warmer Voices experiences.  They are free.  One day a month. The next on 6 March.  For immediate effect and lasting shifts.  Check it ou ||| Absolutely. The tension between speed and sustainability, structure and flexibility, is real. Leaders who lean into these paradoxes unlock creativity, focus, and stronger teams. ||| Absolutely. Action feels easier than reflection, but real leadership comes from creating space to stop, think, and reset. Pace is contagious, and so is permission to rest."
john-brewton-the-helper-strategy,John Brewton,13,2026-03-01T14:18:49.324Z,2026-03-27T08:09:54.704Z,True,client,Internal dialogue shows up clearly in how leaders interpret financial setbacks and recovery timelines.  ||| I’ve seen mindset shifts directly influence how quickly teams course correct after missed targets.  ||| Quiet quitting often appears first in productivity variance before it becomes visible culturally. 
alan-brian-dardic,Alan Brian Dardic,12,2025-09-18T07:51:36.922Z,2026-03-19T19:34:18.880Z,True,client,Interesting!! 🤔  ||| your case really shows how those payment categorization errors can snowball quickly in crypto trading. are you seeing these same issues pop up at other high-volume platforms too? ||| That's awesome Alan Brian Dardic!
karirusso,Kari Russo,11,2026-03-05T13:04:31.091Z,2026-03-27T15:10:29.897Z,False,,"Great perspective, Kari Russo. Career journeys, and job searches, rarely follow a straight line. Often the most important progress happens quietly in the uncertain middle, where persistence, learning, ||| Most candidates forget to highlight their reasoning, and that’s what interviewers are really looking for. STTAR is a simple but powerful way to show how you think, not just what you do. ||| Absolutely. Job searches rarely feel linear, but the struggle isn’t a sign of failure. It’s part of the process. Staying consistent through the uncertainty is what eventually leads to the right opport"
mahaalaoui,Maha Alaoui,11,2026-02-24T10:21:11.701Z,2026-03-24T08:53:28.947Z,True,member,True leadership requires prioritizing core principles over personal career safety ||| Understanding the true needs of a client requires setting aside personal biases and masteries. A focus on solving real problems leads to much better results than defending a favorite tool. ||| Consistency in character ensures that a leader remains a valuable resource to their community long after a transition. Genuine care for the success of others is the most powerful way to lead.
lingabson,Ling Abson,10,2026-02-27T20:52:38.552Z,2026-03-25T21:32:09.860Z,True,member,"This reflects a reality most organizations learn over time. Peer relationships tend to break down from small communication habits, not major conflicts, and fixing the language often fixes the outcome. ||| This resonates; the sentiment is honest and practical. Many high performers learn this lesson the hard way: output alone doesn’t create visibility. You’ve reframed “managing up” in a mature way. It’s  ||| Insightful breakdown, Ling Abson. As organizations become flatter, leadership shifts from managing tasks to enabling thinking and alignment across teams. Developing these capabilities will be critical"
michaela-daly-fcca,Michaela Daly FCCA,10,2026-02-21T16:41:16.860Z,2026-03-21T22:09:31.415Z,False,,"Clear reporting paths and leaders who step in early make a real difference. When people see that poor behavior has consequences, standards rise quickly. Culture is shaped less by posters on the wall a ||| Such an important reminder 👏 “Tell me about yourself” is underestimated, yet it often sets the tone for the entire interview. From your experience, where do finance candidates struggle most with in in ||| The shift is real, especially in finance. The roles are not disappearing overnight, but the expectations inside those roles are already changing."
ebonybeckwith,Ebony Beckwith,10,2026-02-26T21:02:00.018Z,2026-03-27T17:37:46.790Z,True,member,"It’s impressive how small gestures like responding to a text or making time can leave a lasting impact on people’s careers. Ebony Beckwith ||| Real commitment is shown through results, not by working through a fever. ||| This captures a reality many leaders eventually discover: leadership isn’t defined by how you show up in meetings; it’s defined by how your team experiences you day to day.   Follow Axletree for more "
rupalyadav999,Rupal Yadav,9,2026-03-05T12:48:25.034Z,2026-03-21T08:04:19.841Z,True,member,"Helpful insights, Rupal Yadav. Small shifts in how candidates communicate can make a big difference in how prepared and self-aware they appear. Interviews often reward clarity, preparation, and the ab ||| Great perspective, Rupal Yadav. We believe loyalty in a team grows when people feel valued, supported, and given opportunities to grow. Consistent recognition and genuine leadership make a big differe ||| What a powerful and inspiring comeback. Rupal Yadav, Stories like this remind us that confidence isn’t about never falling, it’s about finding the courage to stand again. We truly admire the resilienc"
sara-a-riedel,Sara Riedel,9,2026-03-02T08:38:22.489Z,2026-03-26T20:38:22.395Z,True,member,"Completely agree. When you step back and look at patterns instead of isolated rejections, the process becomes much more actionable. ||| We often see that the best sales professionals spend more time listening than pitching. When trust is built first, conversations become easier and decisions tend to move forward with far less resistan ||| Many capable professionals fall into this pattern early in their careers. Saying yes feels supportive in the moment, but over time it spreads attention too thin and the work that matters most starts t"
jibranzia,Jibran Zia,9,2025-12-04T14:38:58.957Z,2026-03-16T21:02:11.145Z,False,,"Jibran Zia Credentials tell me who you were. Drive tells me who you’re becoming. ||| Interesting results, hybrid systems seem to be the most practical way to balance trust and reach. Jibran Zia ||| Leadership sets the tone—when teams feel trusted, recognized, and guided, loyalty naturally follows. Jibran Zia"
tiffanymasson,"Tiffany Masson, Psy.D.",8,2026-03-07T20:19:30.125Z,2026-03-26T20:42:34.339Z,True,member,"When leaders acknowledge that tension openly, the room usually relaxes and the conversation becomes more honest. Progress tends to move faster once people feel they can ask real questions without pret ||| This pattern appears in many organizations, not only with AI. When decisions stay in review mode for too long, the real cost is the slow loss of momentum and confidence inside the team. ||| This is exactly the skills gap that Mastering the Human Element addresses — and most organizations don't see it coming until the pipeline is already thin.  The apprenticeship system Tiffany describes "
benpadnos,Ben,8,2026-01-29T10:49:18.371Z,2026-03-11T15:29:27.924Z,True,client,Ben Padnos Having a clear system for building investor relationships is exactly what keeps fundraising moving when warm intros run dry. ||| Capital gaps often reveal whether fundraising processes were built for resilience.  ||| Diversified investor sourcing usually reduces dependency on familiar networks. 
geezulkifli,Gee Zulkifli,7,2026-03-05T13:31:58.905Z,2026-03-26T13:41:21.072Z,True,member,"Great framework, Gee Zulkifli. Meetings often feel like small commitments, but the collective time and cost behind them are significant. Being intentional about when real-time discussion is truly need ||| Great point, Gee Zulkifli. We often see the same challenge in fast-moving teams where decisions can’t wait for perfect storytelling frameworks. A structure that works under real time pressure would be ||| Reputation usually grows from habits people see again and again, not from one impressive moment. The way someone handles small commitments or treats colleagues often tells the real story about their l"
priscila-pree-silva,Priscila 'Pree' Silva,7,2026-02-08T20:52:52.016Z,2026-03-24T17:52:47.943Z,False,,"The healthiest careers we see are built when leaders name the tradeoffs early and design support around them, not when they chase the idea of freedom. ||| Support shows up faster when the work clearly ties to shared targets and someone is accountable for the outcome. Encouragement is nice, but momentum usually comes from clear incentives and fewer hando ||| Support shows up faster when work ties directly to someone else’s scorecard, not just good intentions. Make the impact clear and remove friction, and momentum tends to follow without a lot of chasing."
mariasabio,"Maria Sabio, CCHT",6,2026-03-06T14:16:10.727Z,2026-03-27T06:42:14.310Z,True,member,"Boundaries work best as habits, not just tough conversations. Practicing them daily protects your energy, reinforces your values, and builds consistency, small, repeated actions matter more than big g ||| True. Sometimes the hardest part is facing the fear of being misunderstood. ||| Momentum often builds after the first action, not before it. Once people see progress, even a small one, decisions get easier and confidence follows."
mitapatel1,Mita Patel,6,2026-03-02T08:41:16.940Z,2026-03-24T09:34:00.097Z,True,member,"Well said. At senior levels, conviction doesn’t need decoration. Clarity and composure carry more weight than reassurance. ||| Great framework. Mita Patel, The real challenge with AI today isn’t access to tools, it’s leadership clarity. Filtering the noise and focusing on measurable business impact is what will separate exper ||| An important observation. Mita Patel, Silence is often misinterpreted as resistance, when in reality it can reflect uncertainty or the need for clarity. Creating space for open conversations is essent"
diannewblack,Dianne Black Robinson,5,2026-03-02T18:23:35.935Z,2026-03-26T13:36:06.683Z,True,member,"Clear goals support achievement. Shared accountability keeps people consistent. And linking the work to real impact helps teams push through the tasks no one enjoys but still need to get done. ||| Most people don’t fail at business, they quit before consistent effort has time to compound.  ||| This is a powerful way to think about resources. Dianne Black Robinson, When we start viewing time, knowledge, and money as interchangeable currencies, decision-making becomes much more strategic. The"
sineadmodonovan,Dr. Sinéad O'Donovan,5,2026-02-27T20:48:07.576Z,2026-03-24T17:28:14.035Z,True,member,"This is a powerful reminder that long term impact is built through consistency and personal standards, even when recognition takes time. In business, the individuals who protect their values early oft ||| This is an important lens for leaders. In many workplaces behavior gets judged quickly, while the load behind it often goes unnoticed. ||| Interesting way to frame it. In leadership roles we often see that the moments that feel the most uncomfortable are also the ones that lead to the biggest progress. Waiting for perfect calm usually me"
chrismurphyhq,"Chris Murphy, CFA",5,2026-03-07T17:25:47.505Z,2026-03-22T08:55:28.527Z,True,member,"We saw this with big data last time .)  ||| If markets are wrong more often than right, the edge shifts to discipline and process.  Less reacting to price, more focus on valuation, patience, and long term thinking.  Which part of most investors ||| Challenge your assumptions instead of doubling down on a good story."
yauhanmehta,Yauhan Mehta,5,2026-03-11T13:37:33.845Z,2026-03-25T16:27:00.547Z,True,member,"Absolutely. The career coaching space thrives when coaches collaborate and lift each other up. Highlighting great work instead of competing creates more impact and helps more professionals navigate th ||| Great perspective. The career space really grows when professionals collaborate instead of competing. Career coaches play a huge role in helping people clarify their value, and tools that support that ||| Absolutely! The best career coaches focus on helping people grow, guide them through uncertainty, and help them build careers they can be proud of. Through the career guidance support we provide, we h"
paulmatthewsai,Paul Matthews,5,2026-03-03T20:20:44.667Z,2026-03-23T14:57:59.716Z,True,client,"Like any tool, AI is only as good as the person who knows how to handle it. But here’s the difference: AI now gives us the opportunity to accelerate self-directed learning, if we understand how to lea ||| Paul Matthews Yeah, that's it. Thinking about thinking will be the greatest ability to make a difference in life alongside AI ||| Great summary, this report is a wake-up call. AI’s power lies in augmentation, not replacement. We’re building tools that force reflection, not just answers. What’s your strategy to keep AI as a partn"
dartarieks,Darta Riekstina,4,2026-02-18T20:00:49.489Z,2026-03-14T20:14:26.217Z,True,member,"We have seen the same pattern. When leaders protect thinking time, decision quality improves and teams start solving more on their own. ||| This tension is real. Middle managers often carry decisions they did not shape, yet they are the ones who must explain them with confidence. ||| Constant availability often looks like commitment, but it can quietly reduce impact. When leaders protect focused time, priorities become clearer and decisions improve."
hasansajid,Sajid Hasan,4,2026-03-04T18:44:51.590Z,2026-03-25T15:03:32.302Z,True,member,"Absolutely ,  this is spot on. Most teams jump straight into tools without building the operating model around AI, which is why pilots fail to scale. From my experience helping AI teams in regulated i ||| Jobhawk.app watches the market while you’re still employed — so when the music stops, you’re already standing. |||  The ‘boring’ groundwork is what really makes AI pay off fast isn’t always smart."
marcellabremer,Marcella Bremer,4,2026-02-23T13:52:03.231Z,2026-03-25T21:36:23.576Z,True,member,"Marcella Bremer, this is such a sharp reminder. We often debate tactics while quietly protecting outdated assumptions. The real risk is not flawed execution, it is untested beliefs about what will rem ||| This is a very insightful way to look at organizational culture. Marcella Bremer, Often what people hesitate to say in meetings reveals more than what is openly discussed. When we create an environmen ||| Most teams overplan and under-experiment. They spend a lot of time trying to get it right on paper, but real insight only comes from action. Learning doesn’t live in strategy decks it comes from doing"
nandiitaa,Nandita Potinii,3,2026-03-01T10:50:26.655Z,2026-03-10T17:49:00.373Z,True,member,"Remote work did not create the cracks, it simply removed the cover. Teams that thrive anywhere tend to have clear ownership, strong written communication, and accountability anchored in outcomes. When ||| There is a lot of truth in this. Remote work did not create cultural problems, it exposed them. If decision making relies on visibility, side conversations or unclear ownership, that becomes obvious v ||| Exactamundo Nandita Potinii "
mariaee,Maria Engstrom-Eriksson,3,2026-03-07T22:25:10.281Z,2026-03-16T10:40:31.989Z,True,member,"Great list – it’s amazing how small shifts like taking breaks early or leaving gaps in the calendar can completely transform focus and energy levels. ||| Great insights, Maria Engstrom-Eriksson. We often see that meeting effectiveness improves significantly when structure and clarity are prioritized. Clear roles, fewer participants, and defined outcome ||| Burnout isn’t a sign of weakness, it’s a warning signal. When core needs like clarity, autonomy and connection go unmet over time, the brain shifts into threat mode. Recognizing that early makes all t"
michellemaldonado,Michelle Maldonado,3,2026-03-02T08:40:26.213Z,2026-03-26T20:44:15.236Z,True,member,"This really resonates. The hardest shift isn’t the business model, it’s moving from external validation to self-evaluation. ||| Strong perspective is what differentiates you. ||| There is a clear shift happening here. Being reliable across many areas still matters, but it no longer sets someone apart on its own."
kelleybrakstad,Kelley Brakstad,3,2026-02-21T18:57:19.988Z,2026-03-26T20:49:36.650Z,False,,"Organizations that last build systems for endurance, not just short term wins. Clear standards, smart adjustments, and the discipline to stay in the game tend to outperform bursts of intensity every t ||| Kelley Brakstad hallucination risk drops fast when leaders know enough to question the output before sharing ||| We see this pattern a lot. The issue is rarely lack of awareness, it is the gap between knowing the problem and actually changing day to day behavior."
melisabuie,"Melisa Buie, PhD",3,2026-03-04T20:19:47.543Z,2026-03-18T10:40:34.772Z,True,member,"Truth is , you can rack up wins and look “successful” externally but if you’re running yourself into the ground, nothing really lasts. Protecting your energy, boundaries and health isn’t optional. It’ ||| Insightful perspective. Melisa Buie. PhD, Reframing failure as feedback is a powerful shift. When we separate the event from our identity, learning becomes possible and progress follows. ||| Catherine’s legacy vision of a pipeline of great leaders ready to step up is exactly what we strive for at Kalyani Kalakriti Foundation, albeit through a different lens. We work to ensure that young s"
gabriella-cacciatore-b3912224,Gabriella Cacciatore,3,2026-03-02T14:04:39.907Z,2026-03-24T07:54:29.419Z,True,member,"When you are tense, your team feels it too. 🌊 ||| When leaders are constantly tense or in reaction mode, the team often mirrors that and progress slows even when the plan is solid. ||| People resist less when they feel safe enough to move. 🌱"
nick-black-7658ab37,Nick Black,2,2026-03-12T17:30:18.559Z,2026-03-18T22:23:16.449Z,True,unknown,"This is a helpful reminder. Many organisations build large audiences but rarely convert that attention into meaningful donor relationships.   ||| When people tell you that trust is broken, show you concrete examples, and present solutions on restoring it, give them the courtesy and respect of hearing them out. It might be easier to label them c"
ionaholloway,Iona Holloway,2,2026-03-06T14:29:59.536Z,2026-03-14T20:10:45.315Z,True,member,"Insightful perspective, Iona Holloway. Storytelling isn’t just about engagement, it’s about authenticity. Real experiences bring depth and credibility that no framework alone can deliver. ||| Avoidance often looks reasonable on the surface, especially in busy roles where there is always another task to focus on. Yet the conversations or decisions people postpone are usually the ones that s"
kristaps-kazaks,Kristaps Kazaks,2,2026-03-12T13:56:43.727Z,2026-03-13T03:44:28.745Z,True,member,Sometimes success feels empty when the drive came from pressure. 🌱 ||| Anxious attachment often comes from the fear of losing people before they even leave.
mennosiebinga,Menno Siebinga,2,2026-02-16T13:18:24.226Z,2026-03-26T21:56:28.159Z,True,member,Such a poignant topic. Love the thoughts and framing. Reminds me that it has been so long since our first book together and subsequent Grow Sell and Retire Podcast . ||| Super thought provoking. Thanks for sharing! 
paula-beattie-7a89795,Paula Beattie,2,2026-03-06T10:25:09.808Z,2026-03-26T13:49:30.080Z,True,member,"Love this. Confidence really is a skill you build by doing, not waiting until you feel ready. ||| Paula, the connection between #4, #5, and #6 in your framework is where most culture work gets stuck. Organizations invest in feedback infrastructure — surveys, 360s, pulse tools — but skip the leader"
frank-ienzi,Frank Ienzi 😎👌,2,2025-11-06T21:09:32.797Z,2026-02-11T11:18:23.302Z,True,client,Great meeting you last night! Thanks for being a part of the launch! ||| Nice one! Frank Ienzi 😎👌
chinfulee,Chin-Fu Lee,1,2026-03-26T21:01:46.351Z,2026-03-26T21:01:46.351Z,False,,Absolutely Right 
urspzimmermann-bod-imd-emba,Urs P. Zimmermann,1,2026-03-23T14:00:09.110Z,2026-03-23T14:00:09.110Z,False,,People will pick you again just because working with you feels easy.
jeremiah-teo-charisma-business-coach,Jeremiah Teo,1,2026-03-23T13:43:30.447Z,2026-03-23T13:43:30.447Z,True,member,People don’t forget how you made them feel.
thomasallanjones,Tom Jones,1,2026-03-09T12:24:29.769Z,2026-03-09T12:24:29.769Z,True,member,"Great perspective, Tom Jones. We’ve seen many teams jump straight into tools without first defining what additional capacity should actually enable. Starting with the strategic outcome makes AI adopti"
aamir-khan-software-engineer,Aamir khan,1,2025-02-04T19:17:05.613Z,2025-02-04T19:17:05.613Z,True,member,"Aamir khan, We appreciate your assistance and support. We will contact you again if further assistance is required."
barryflanagan,Barry Flanagan,1,2026-03-23T20:38:16.781Z,2026-03-23T20:38:16.781Z,True,member,Spot on removing doubt from the pipeline is tough but essential for clarity and progress.
patrickcattin,Patrick Cattin,1,2026-03-17T15:08:52.457Z,2026-03-17T15:08:52.457Z,True,member,"Most people don’t have a time problem, they have a clarity problem. This breaks it down perfectly."
seshannissanka,Seshan Nissanka,1,2026-03-26T12:32:29.509Z,2026-03-26T12:32:29.509Z,True,member,CPA firms not having the advisory talk isn't a missed opportunity... It's a positioning problem. Most clients don't see their accountant as the person who does that work.
anisacela,Anisa Cela,1,2026-03-27T13:25:26.651Z,2026-03-27T13:25:26.651Z,True,member,"La negoziazione migliore non è quella dove vinci — è quella dove entrambe le parti escono soddisfatte e vogliono lavorare di nuovo insieme. Le tattiche aggressive funzionano una volta, poi bruciano il"
sliwowskik,Konstanty Sliwowski,1,2026-03-19T05:44:23.705Z,2026-03-19T05:44:23.705Z,True,member,"This really lands, Konstanty; the sentiment is sharp and honest, and it calls out a root issue many teams quietly normalize. You’ve captured a critical shift: what looks like “people risk” is often ju"
